CREATE DATABASE  IF NOT EXISTS `melodydb` /*!40100 DEFAULT CHARACTER SET utf8mb4 COLLATE utf8mb4_0900_ai_ci */ /*!80016 DEFAULT ENCRYPTION='N' */;
USE `melodydb`;
-- MySQL dump 10.13  Distrib 8.0.45, for Win64 (x86_64)
--
-- Host: localhost    Database: melodydb
-- ------------------------------------------------------
-- Server version	8.4.8

/*!40101 SET @OLD_CHARACTER_SET_CLIENT=@@CHARACTER_SET_CLIENT */;
/*!40101 SET @OLD_CHARACTER_SET_RESULTS=@@CHARACTER_SET_RESULTS */;
/*!40101 SET @OLD_COLLATION_CONNECTION=@@COLLATION_CONNECTION */;
/*!50503 SET NAMES utf8 */;
/*!40103 SET @OLD_TIME_ZONE=@@TIME_ZONE */;
/*!40103 SET TIME_ZONE='+00:00' */;
/*!40014 SET @OLD_UNIQUE_CHECKS=@@UNIQUE_CHECKS, UNIQUE_CHECKS=0 */;
/*!40014 SET @OLD_FOREIGN_KEY_CHECKS=@@FOREIGN_KEY_CHECKS, FOREIGN_KEY_CHECKS=0 */;
/*!40101 SET @OLD_SQL_MODE=@@SQL_MODE, SQL_MODE='NO_AUTO_VALUE_ON_ZERO' */;
/*!40111 SET @OLD_SQL_NOTES=@@SQL_NOTES, SQL_NOTES=0 */;

--
-- Table structure for table `canciones`
--

DROP TABLE IF EXISTS `canciones`;
/*!40101 SET @saved_cs_client     = @@character_set_client */;
/*!50503 SET character_set_client = utf8mb4 */;
CREATE TABLE `canciones` (
  `id` int NOT NULL AUTO_INCREMENT,
  `tema` varchar(150) NOT NULL,
  `genero` varchar(80) NOT NULL,
  `letra` text NOT NULL,
  `audio_url` varchar(500) NOT NULL,
  `id_usuario` int NOT NULL,
  PRIMARY KEY (`id`),
  KEY `fk_cancion_usuario` (`id_usuario`),
  CONSTRAINT `fk_cancion_usuario` FOREIGN KEY (`id_usuario`) REFERENCES `usuarios` (`id`) ON DELETE CASCADE ON UPDATE CASCADE
) ENGINE=InnoDB AUTO_INCREMENT=26 DEFAULT CHARSET=utf8mb4 COLLATE=utf8mb4_0900_ai_ci;
/*!40101 SET character_set_client = @saved_cs_client */;

--
-- Dumping data for table `canciones`
--

LOCK TABLES `canciones` WRITE;
/*!40000 ALTER TABLE `canciones` DISABLE KEYS */;
INSERT INTO `canciones` VALUES (1,'Genera una canción sobre la célula','rock','En el microscopio, un mundo se revela\nDonde las células viven, crecen y se desarrollan\nCon membranas delgadas, núcleo al centro\nLa vida comienza, en este espacio delicado\n\nLa mitosis es el proceso, la división es el fin\nCromosomas se duplican, la célula se renueva dentro\nDel ciclo celular, un ritmo constante\nLa vida se renueva, en cada instante\n\nLa célula es la base, de todo ser vivo\nCon organelos que trabajan, en perfecto ritmo y sincero\nEl citoplasma late, con energía y fuerza\nLa célula es el motor, que impulsa la vida con su fuerza\n\nLa fotosíntesis, la respiración, la digestión\nProcesos que ocurren, en cada célula con precisión\nLa célula es un mundo, de complejidad y armonía\nUn universo en miniatura, donde la vida se cria\n\nEn el cuerpo humano, hay billones de células\nTrabajando juntas, en perfecta coordinación y concierto\nCada una tiene un papel, en el gran juego de la vida\nLa célula es la pieza, que hace que todo funcione con vida','http://10.0.2.2:7000/audio/1',1),(2,'Genera una canción sobre el sistema solar','balada','En el vasto espacio, un misterio se esconde\nDonde los planetas bailan, alrededor del sol se despliegan\nMercurio, el más cercano, con su órbita rápida y fina\nUn mundo de rocas y fuego, donde la temperatura siempre brilla\n\n \nEn Venus, la niebla espesa, oculta un paisaje de sueños\nUn planeta de volcanes, donde la lava fluye como ríos que corren\nLa Tierra, nuestro hogar, donde la vida florece con belleza\nDonde el aire fresco nos envuelve, y el agua nos hace sentir vivos con pureza\n\n \nMarte, el guerrero rojo, con su paisaje de valles y cráteres\nUn mundo de aventuras, donde los robots exploran y descubren\nJúpiter, el gigante gaseoso, con su gran mancha roja y tormentosa\nUn planeta de misterios, donde la ciencia nos hace preguntar y soñar\n\n \nSaturno, con sus anillos de hielo, un espectáculo de belleza y armonía\nUrano, el planeta inclinado, con su atmósfera de gases y misterio\nNeptuno, el más lejano, con su viento y su nieve, un mundo de ensueño\nUn sistema solar vasto, donde la exploración nos hace sentir vivos y nos lleva a soñar\n\n \nLa luna, nuestro satélite, que nos伴a en la oscuridad\nUnfarola de luz, que nos guía y nos hace sentir conexión\nLos asteroides y cometas, que cruzan el espacio con velocidad\nUn sistema solar complejo, donde la ciencia nos hace descubrir y aprender con curiosidad','http://10.0.2.2:7000/audio/2',1),(3,'Genera una canción sobre el ciclo del agua','rock','El agua cae del cielo, gotas frescas y limpias\nLlena los ríos, lagos y mares, es un ciclo que no cesas\nEvapora hacia arriba, se convierte en vapor\nY luego vuelve a caer, en un ciclo sin fin, sin temor\n\nSube a las nubes, se enfría y se condensa\nForma gotas de lluvia, que caen con fuerza y densas\nLlena los acuíferos, y los manantiales también\nY vuelve a comenzar, el ciclo del agua, una y otra vez, sin cesar\n\nEl sol calienta el mar, y el agua se evapora\nY se convierte en vapor, que sube hacia la atmósfera\nSe condensa en nubes, y cae como lluvia\nY el ciclo comienza de nuevo, sin fin, sin pausa, sin cesar\n\nEl agua es vida, es energía, es movimiento\nEs el ciclo del agua, que nos hace sentir vivos\nAsí que cuidemos el agua, y no la desperdicitemos\nPorque es un recurso valioso, que debemos proteger y respetar, siempre.','http://10.0.2.2:7000/audio/3',1),(4,'Genera una canción sobre el sistema solar','rock','En el Cosmos hay un secreto, una historia que contar\nSobre ocho planetas que giran, alrededor del sol estelar\nMercurio es el más cercano, caliente y rápido\nSu órbita es la más pequeña, en este viaje espacial\n\n \n\nLa Tierra es nuestro hogar, donde vivimos y crecemos\nCon aire y agua, y vida que florece sin cesar\nMarte es rojo y montañoso, con valles y cráteres profundos\nUn lugar que nos intriga, con secretos que aún no encontramos\n\n \n\nJúpiter es el más grande, un gas gigante en el espacio\nCon tormentas y lunas, que bailan al ritmo del viento\nSaturno es de anillos, hermosos y delicados\nUn espectáculo celestial, que nos deja sin aliento\n\n \n\nUrano y Neptuno, los más lejanos y fríos\nCon vientos y hielo, que nos hacen temblar y soñar\nEl sistema solar es vasto, con misterios por descubrir\nUn viaje que nos lleva, a lugares que nunca imaginamos\n\n \n\nAsí que subamos a bordo, de esta nave espacial\nY exploremos el sistema solar, con curiosidad y pasión sin igual\nCon cada planeta y luna, descubriremos algo nuevo\nEn este viaje cósmico, que nos hace sentir vivos y libres.','http://10.0.2.2:7000/audio/1',1),(5,'Genera una canción sobre el sistema solar','clásica','En el vasto espacio, un misterio se esconde,\nUn sistema solar, donde los planetas se desploman,\nCon el sol en el centro, luminoso y brillante,\nLa fuente de vida, que ilumina todo el universo en su instante.\n\nLos planetas giran, en órbitas precisas y largas,\nCada uno con su historia, y su propio ritmo y canto,\nMercurio, Venus, Tierra, Marte y los demás,\nUn baile cósmico, que nos fascina y nos hace soñar.\n\nLa luna y los asteroides, también forman parte,\nDe este gran sistema, que nos rodea y nos acarta,\nLos cometas y las estrellas, nos hablan de un pasado,\nY nos muestran el futuro, que nos espera en este vasto espacio.\n\nEn el sistema solar, hay un equilibrio perfecto,\nUn baile de gravedad, que nos mantiene en nuestro sitio,\nLa ciencia y la curiosidad, nos llevan a explorar,\nY a descubrir los secretos, que se esconden en este gran misterio.','http://10.0.2.2:7000/audio/2',1),(6,'Genera una canción sobre la célula','rock','En el microscopio, un mundo se abre\nDonde las células viven, crecen y se mueven\nCon membranas finas, nucleo dentro\nLa vida comienza, en este espacio tan puro\n\nLa célula es la base, de todo ser vivo\nPlanta, animal, humano, todos somos rivales\nCon orgánulos diferentes, pero con un fin\n Trabajar juntos, para que la vida siga avanzando sin fin\n\nEl ADN es la clave, del código genético\nDonde se almacenan, los secretos del destino\nLa mitosis y la meiosis, procesos importantes\nPara que la célula se divida, y la vida se multiplique sin cesar\n\nLa fotosíntesis, la respiración, la digestión\nProcesos que ocurren, en la célula con precisión\nLa célula es un mundo, donde la química reina\nDonde la vida se crea, y el milagro se repite sin cesar\n\nLa célula es la base, de la vida en la tierra\nDonde la biología, y la química se unen en armonía\nCon sus funciones y estructuras, la célula es un milagro\nUn mundo microscópico, donde la vida es un regalo','http://10.0.2.2:7000/audio/3',1),(7,'Genera una canción sobre el sistema solar','rock','En el espacio, un misterio sin fin\nGira el sistema solar, con un ritmo divino\nOcho planetas danzan, alrededor del sol\nCon lunas y asteroides, un baile cósmico tocan\n\nMercurio el más cercano, con un calor intenso\nVenus brilla con belleza, en un cielo de ensueño\nLa Tierra nuestra hogar, con vida y con amor\nMarte el guerrero rojo, con secretos por descubrir encore\n\nJúpiter el gigante, con un tamaño impresionante\nSaturno con sus anillos, un espectáculo celestial presente\nUrano y Neptuno, los más lejanos y fríos\nCada uno con su magia, en este sistema solar que crece y crece\n\nEn el espacio, un misterio sin fin\nGira el sistema solar, con un ritmo divino\nOcho planetas danzan, alrededor del sol\nCon lunas y asteroides, un baile cósmico tocan\n\nLa gravedad los une, en una danza eterna\nEl sol les da la vida, con su calor y su luz serena\nEl sistema solar, un mundo de maravillas\nUn lugar de descubrimiento, donde la ciencia y la fantasía se encuentran y se mezclan en armonía','http://10.0.2.2:7000/audio/4',1),(8,'Genera una canción sobre el sistema solar','pop','En el espacio exterior, hay un mundo tan grande\nUn sistema solar, donde los planetas se expanden\nCon el sol en el centro, brilla con gran fuerza\nY los planetas giran, con una gracia tan suave\n\nMercurio es el primero, closest al sol\nUn planeta pequeño, con un calor intenso que lo envuelve\nVenus es el segundo, con una atmósfera tan densa\nY la tierra es el tercero, donde estamos nosotros, con nuestra gran diversidad\n\nMarte es el cuarto, con sus valles y sus montañas\nUn planeta rojo, con un paisaje tan impresionante\nJúpiter es el quinto, con su gran tamaño y su fuerza\nY Saturno es el sexto, con sus anillos tan elegantes y su belleza\n\nUrano es el séptimo, con su eje inclinado\nY Neptuno es el octavo, con su gran distancia y su frialdad\nLos planetas en órbita, giran sin cesar\nY el sol los ilumina, con su luz y su calor\n\nEn el sistema solar, hay tanto que explorar\nCon sus lunas y sus asteroides, hay un mundo que descubrir\nAsí que vamos a viajar, por el espacio y el tiempo\nY descubriremos los secretos, del sistema solar, con su gran belleza y su armonía','http://10.0.2.2:7000/audio/1',1),(9,'Genera una canción sobre la célula','rock','En el microscopio, un mundo tan pequeño\nDonde las células bailan, con un ritmo tan nuevo\nLa membrana plasmática, una barrera fuerte\nProtege el interior, con una función precisa y corta\n\nLa citoplasma y el núcleo, un dúo en armonía\nDonde se procesa la información, con precisión y claridad\nLos orgánulos trabajan, cada uno en su papel\nPara mantener la célula viva, con un ritmo sin fallo ni fail\n\nLa mitosis y la meiosis, procesos de división\nDonde la célula se reproduce, con una precisión sin igual\nLa función y la estructura, un equilibrio perfecto\nDonde la célula funciona, con un ritmo tan correcto\n\nLa célula es la unidad, de la vida en su base\nDonde se encuentra la esencia, de la vida en su lugar\nCon sus componentes y funciones, un mundo tan complejo\nDonde la célula es la reina, con un ritmo tan veloz y tan fresco','http://10.0.2.2:7000/audio/2',1),(10,'Genera una canción sobre la célula','balada','En el reino de lo pequeño, donde la vida comienza a florecer\nSe encuentra la célula, la unidad básica de todos los seres\nCon su membrana delgada, que la protege y la sostiene\nY su núcleo en el centro, donde se encuentra el ADN que nos define\n\nLa célula es como una ciudad, con diferentes barrios y distritos\nEl citoplasma es la calle, donde se mueven las moléculas y los líquidos\nLos organelos son los edificios, cada uno con su función específica\nEl mitocondria es la fábrica, donde se produce la energía que nos hace vivir\n\nLa célula se divide y crece, en un ciclo sin fin\nLa mitosis es el baile, donde se reparten los cromosomas en perfecta armonía\nLa meiosis es el vals, donde se mezclan los genes y se crean nuevas combinaciones\nY así se forma la vida, en una danza de reproducción y crecimiento\n\nLa célula es un mundo, lleno de misterios y maravillas\nDonde la química y la biología se unen en perfecta sintonía\nEs la base de la vida, la unidad que nos hace ser\nY su estudio es fundamental, para entender el mundo que nos rodea y nos pertenece','http://10.0.2.2:7000/audio/3',1),(11,'Genera una canción sobre la célula','clásica','En el reino de lo microscópico, donde la vida se esconde,\nLa célula es la unidad, donde todo comienza a crecer.\nCon su membrana delgada, que la cubre con amor,\nEs el inicio de todo, en este mundo de dolor.\n\nCon su núcleo central, donde la información reside,\nLa célula se reproduce, y así la vida se divide.\nLos orgánulos trabajan, cada uno con su tarea,\nPara mantener la célula, en su función y aparencia clara.\n\nLa mitocondria produce, la energía que se necesita,\nPara que la célula funcione, con movimiento y actividad.\nEl retículo endoplásmico, ayuda a producir las proteínas,\nY el citoplasma es el medio, donde todo se desarrolla y crece con serenidad.\n\nLa célula es un mundo, lleno de maravillas y misterio,\nDonde la vida se desarrolla, con un orden y un ritmo tan hermoso.\nEs el inicio de todo, en este mundo que vivimos,\nY su estudio nos enseña, sobre la vida y sus secretos divinos.','http://10.0.2.2:7000/audio/4',1),(12,'Genera una canción sobre la célula','clásica','En el mundo microscópico, donde la vida se esconde,\nLa célula es la unidad, donde todo comienza a mostrarse,\nCon su membrana delicada, que la envuelve con cuidado,\nY su núcleo central, donde la información se ha guardado.\n\nEn su citoplasma flotan, organelas con fines específicos,\nCada una con su función, que la célula mantiene vivos,\nEl mitocondria producen, la energía que se necesita,\nY el ribosoma sintetiza, las proteínas con precisión y sabiduría.\n\nLa célula se divide y crece, en un ciclo sin fin,\nDonde la reproducción y el crecimiento, se entrelazan en un vínculo,\nLa meiosis y la mitosis, procesos que se llevan a cabo,\nPara asegurar la continuidad, de la vida en su forma más sabia.\n\nEn este mundo microscópico, la célula es la reina,\nDonde la biología y la química, se unen en armonía,\nLa célula es la base, de todo lo que vivimos,\nY su estudio nos enseña, sobre la vida y sus misterios divinos.','http://10.0.2.2:7000/audio/5',1),(13,'Genera una canción sobre el sistema solar','rock','En el espacio, un misterio sin fin\nOcho planetas, cada uno con su destin\nMercurio, Venus, Tierra, Marte y más\nCada uno único, con su propia historia y razón\n\nEl Sol es el centro, la estrella que brilla\nCon su luz y calor, nos hace vivir y brillar\nLa Luna orbita, en su danza celestial\nUn baile eterno, en el vasto espacio sin igual\n\nJúpiter y Saturno, con sus anillos de hielo\nUrano y Neptuno, en los confines del sistema helado\nCada planeta, con su propio ritmo y estilo\nEn el sistema solar, todo es movimiento y guile\n\nEn el cosmos, hay mucho que explorar\nMisterios y secretos, esperando ser descubiertos y compartir\nLa astronomía, una ciencia que nos hace soñar\nCon la posibilidad, de encontrar vida más allá de nuestra estrella y planeta que nos hace brillar\n\nEn el sistema solar, hay mucho que aprender\nSobre la gravedad, la órbita y la rotación sin temor\nCada planeta, con su propia historia y evolución\nEn el vasto espacio, todo está en constante movimiento y revolución\n\nLa Tierra es nuestro hogar, nuestro lugar en el espacio\nDonde vivimos y crecemos, con nuestra propia ritmo y paso\nPero hay mucho más, en el sistema solar y más allá\nUn universo lleno de misterios, esperando ser explorado y descubierto con valentía y pasión sin igual','http://10.0.2.2:7000/audio/6',1),(14,'Genera una canción sobre el sistema solar','rock','En el vasto espacio, hay un secreto, \nun sistema que gira, con un ritmo perfecto, \nocho planetas bailan, alrededor del sol, \ncon movimientos precisos, en un baile celestial.\n\nMercurio es el primero, el más cercano al fuego, \ncon un calor intenso, que nos hace sentir vivo, \nVenus es el siguiente, con su atmósfera densa, \nun planeta misterioso, con un atractivo inmensa.\n\nLa Tierra es nuestro hogar, donde vivimos y crecemos, \ncon aire que respiramos, y agua que nos renueva, \nMarte es el guerrero, con su rojo intenso, \nun planeta de aventuras, donde la ciencia hace intentos.\n\nJúpiter es el gigante, con su tamaño impresionante, \nun planeta gaseoso, con tormentas que hacen temblar, \nSaturno es el anillo, con su belleza única, \nun planeta que nos muestra, la magia del universo infinita.\n\nUrano es el inclinado, con su eje que se desvía, \nun planeta misterioso, con vientos que nos hacen soñar, \nNeptuno es el último, con su azul profundo, \nun planeta que nos lleva, al límite del sistema solar, al fin del mundo.\n\nEl sistema solar es un baile, de planetas y estrellas, \nun ritmo que nos hace sentir, la música del universo, que late y late, \ncon cada movimiento, con cada giro, \nnos muestra la magia, de la creación infinita.','http://10.0.2.2:7000/audio/1',1),(15,'Genera una canción sobre la célula','balada','En el microscopio, un mundo tan grande\nSe esconde la célula, con estructuras tan finas y blandas\nLa membrana plasmática, una barrera tan delgada\nQue controla lo que entra y sale, con una precisión tan exacta\n\nLa célula es la unidad, de la vida y su diversidad\nCon organelos y componentes, que trabajan en armonía\nEl núcleo es el centro, de control y decisión\nDonde se almacena la información, de la herencia y la visión\n\nLa mitocondria es la fábrica, de energía y poder\nDonde se producen los ATP, que hacen que la célula funcione con rapidez y en hora\nEl ribosoma es el lugar, de síntesis y creación\nDonde se construyen las proteínas, con una precisión y dedicación\n\nLa célula es un mundo, de complejidad y maravilla\nUn universo en miniatura, donde la vida se despliega y brilla\nCon sus procesos y funciones, que trabajan en equilibrio\nLa célula es la base, de la vida y su armonía','http://10.0.2.2:7000/audio/2',1),(16,'numeros primos','rock','Número primo, único y fuerte\nSólo divisible por uno y por sí mismo, no hay duda\nNo hay factores ocultos, no hay trampa ni engaño\nUn número puro, sin igual, en el mundo de las matemáticas reina\n\nEn la secuencia numérica, se esconden y se encuentran\nLos primos danzan solos, sin compañeros de baile\n2, 3, 5, 7, 11, cada uno es especial\nNo se pueden dividir, son irrepetibles, son únicos y reales\n\nLa multiplicación no los toca, no los divide\nSon números fuertes, que no se rinden, no se esconden\nSon la base de todo, la estructura de lo grande\nLos números primos, son el comienzo, el origen, la fuente\n\nEn la teoría de números, tienen un papel importante\nLa criptografía los usa, para mantener la seguridad\nCódigos y claves, se crean con su ayuda\nLos números primos, son fundamentales, no hay duda\n\nAsí que recuerda, estos números especiales\nQue hacen que las matemáticas, sean más interesantes y reales\nNúmeros primos, únicos y fuertes\nLa base de todo, la estructura de lo grande y lo mejor','http://10.0.2.2:7000/audio/1',1),(17,'divisin','clásica','En el reino de las matemáticas, hay una operación divina\nQue nos permite compartir y repartir con gran designio\nLa división es su nombre, y su función es sublime\nAyudándonos a resolver problemas con gran precisión y tiempo\n\nCon números y símbolos, creamos fórmulas y ecuaciones\nPara dividir y conquistar, con la lógica como nuestras bases\nEl divisor y el dividendo, se unen en armonía\nPara encontrar el cociente, y la belleza de la matemática\n\nEn la vida cotidiana, la división es fundamental\nPara compartir recursos, y trabajar con gran funcional\nEn la cocina, en el comercio, en la ciencia y en el arte\nLa división es esencial, para crear y para participar\n\nAsí que aprendamos a dividir, con pasión y con dedicación\nY descubramos el secreto, de esta operación matemática\nCon la práctica y la paciencia, dominaremos esta habilidad\nY la división se convertirá, en una herramienta para la vida.','http://10.0.2.2:7000/audio/2',1),(18,'ecuaciones diferenciales','pop','En el mundo de las matemáticas, hay una rama que nos hace soñar\nCon ecuaciones que cambian, y funciones que se transforman\nSe llaman ecuaciones diferenciales, y son clave para entender\nCómo evoluciona el mundo, con cada pequeño movimiento y cada cambio de temperatura\n\nLa derivada es la clave, para descubrir el secreto\nDe cómo cambian las cosas, con el paso del tiempo, sin descanso\nLa integral también juega, un papel importante en el juego\nPara encontrar la solución, y hacer que todo sea más claro y más nuevo\n\nEn la física y la química, las ecuaciones diferenciales nos ayudan\nA entender los fenómenos, que nos rodean y nos hacen preguntar\nCómo funcionan los sistemas, y cómo cambian con el tiempo\nY cómo podemos predecir, lo que pasará en el futuro, sin ninguna duda ni miedo\n\nCon el método de Euler, o el de Runge-Kutta, podemos resolver\nLas ecuaciones diferenciales, y encontrar la solución, sin ningún dolor\nY con la ayuda de la tecnología, podemos simular y modelar\nLos fenómenos del mundo real, y entenderlos de una manera más clara y más solar\n\nAsí que vámonos, a explorar este mundo de ecuaciones\nY descubrir los secretos, que se esconden detrás de las soluciones\nCon la matemática y la ciencia, podemos entender el mundo\nY hacer que sea un lugar, más interesante y más divertido, sin ninguna duda ni miedo','http://10.0.2.2:7000/audio/3',1),(19,'Genera una canción sobre el sistema solar','pop','En el espacio hay un lugar emocionante\nDonde los planetas giran con armonía constante\nEl Sol es el centro, la estrella principal\nAlrededor de ella todo gira con movimiento natural\n\nLa Tierra es nuestro hogar, donde vivimos y crecemos\nCon aire y agua, lo necesario para prosperar y soñar\nMarte es rojo y seco, con paisajes de roca y arena\nUn lugar fascinante para explorar y descubrir su misterio\n\nJúpiter es grande, el-planeta-más-grande-del-sistema\nCon tormentas enormes y un campo magnético que impresiona\nSaturno tiene anillos, de hielo y roca que brillan\nUn espectáculo celestial que nos deja sin aliento y asombrados\n\nUrano y Neptuno, los planetas más lejanos de nuestra vista\nCon vientos fuertes y temperaturas que nos hacen sentir la distancia\nLa Luna es nuestra compañera, que nos acompaña en nuestro camino\nUn satélite fiel que nos muestra su belleza en el cielo nocturno y sereno\n\nEn el sistema solar hay mucho que aprender y descubrir\nCon cada planeta único y especial, nos llenan de asombro y deseo\nDe explorar y conocer más, sobre este universo tan grande\nY llenarnos de maravilla y curiosidad, con cada nuevo descubrimiento que nos espera','http://10.0.2.2:7000/audio/4',1),(20,'Genera una canción sobre el sistema solar','pop','En el espacio, hay un lugar emocionante\nDonde los planetas bailan alrededor del sol radiante\nMercurio es el primero, caliente y cerca\nGira rápido, con una órbita que nunca se quiebra\n\nVenus es el siguiente, con una atmósfera espesa\nUn planeta misterioso, con una belleza que impresiona\nLa Tierra es nuestro hogar, donde vivimos y crecemos\nCon aire fresco y agua, es donde nuestros sueños toman forma y crecen\n\nMarte es rojo y árido, con valles y cráteres profundas\nUn lugar que nos llama, con secretos que aún no hemos descubierto\nJúpiter es grande, el más grande de todos\nCon tormentas enormes, que nos dejan con la boca abierta y asombrados\n\nSaturno tiene anillos, que brillan como el oro\nUn espectáculo natural, que nos llena de asombro\nUrano es inclinado, con un eje que nos sorprende\nNeptuno es el último, con vientos que nos dejan sin aliento\n\nEn el sistema solar, hay mucho que aprender\nSobre los planetas y las estrellas, que nos rodean y nos hacen soñar\nAsí que vamos a explorar, y descubrir más\nSobre el universo, y sus secretos que nos esperan','http://10.0.2.2:7000/audio/5',1),(21,'Genera una canción sobre el sistema solar','pop','En el espacio exterior, hay un lugar muy grande\nDonde giran los planetas, con un movimiento bien planeado\nAlrededor del sol, que es la estrella principal\nHay ocho planetas, cada uno con su propia característica especial\n\nMercurio es el más cercano, caliente y brillante\nVenus es el más brillante, con una atmósfera muy densa y triste\nLa Tierra es nuestro hogar, donde vivimos con alegría\nMarte es el planeta rojo, con valles y montañas que nos fascinan\n\nJúpiter es el más grande, con un tamaño muy impresionante\nSaturno tiene anillos, que son un espectáculo muy relevante\nUrano es el planeta inclinado, con un eje muy peculiar\nNeptuno es el más lejano, con vientos que son muy poderosos y fuertes\n\nEl sistema solar es un lugar muy emocionante\nCon planetas y lunas, que nos hacen sentir curiosos y contentos\nAsí que vamos a explorar, y descubrir más sobre el espacio\nY aprender sobre el sistema solar, con un ritmo y un tempo muy alegre y rápido','http://10.0.2.2:7000/audio/cancion/21',1),(22,'Genera una canción sobre el sistema solar','balada','En el vasto espacio, un misterio se esconde,\ndonde planetas y estrellas, en armonía se desploman.\nEl sol, el centro, la fuente de calor y luz,\nalrededor del cual, ocho planetas danzan con gracia y cruz.\n\nMercurio, el más cercano, un mundo de roca y fuego,\ndonde el día es largo y el calor es intenso, sin descanso.\nVenus, la hermosa, con atmósfera densa y espesa,\nun planeta de amor y belleza, pero también de extrema temperatura y presión.\n\nLa Tierra, nuestro hogar, donde la vida florece y crece,\ncon océanos y montañas, bosques y valles, un mundo de diversidad y riqueza.\nMarte, el rojo, un planeta de aventuras y exploración,\ndonde el梦 de encontrar vida, es una búsqueda constante y emocionante.\n\nJúpiter, el gaseoso, un gigante en el espacio,\ncon tormentas y vientos, que rugen y aullan sin cesar.\nSaturno, con sus anillos, un espectáculo de belleza y armonía,\nun planeta de misterio y encanto, que nos llama y nos atrae.\n\nUrano y Neptuno, los lejanos, en el borde del sistema,\ndos mundos de hielo y gas, que giran y danzan, en la oscuridad y el silencio.\nEl sistema solar, un universo de maravillas y secretos,\nun lugar de descubrimiento y exploración, donde la ciencia y la imaginación, se unen y se mezclan.\n\nEn este viaje por el espacio, podemos aprender y crecer,\nsobre la astronomía y la ciencia, y sobre el lugar que ocupamos en el universo.\nAsí que miramos hacia el cielo, con curiosidad y asombro,\ny nos preguntamos, qué otros secretos y maravillas, se esconden en el cosmos.','http://10.0.2.2:7000/audio/cancion/22',1),(23,'Genera una canción sobre la célula','balada','En el microscopio, una visión se abre\nDe un mundo pequeño, donde la vida se esconde\nLa célula, una unidad, tan pequeña y tan grande\nEl bloque de construcción, de todo lo que vemos y sentimos\n\nEn su interior, una ciudad, con calles y plazas\nEl núcleo, el centro, donde se guardan las claves\nDel ADN, el código, que nos hace ser lo que somos\nUn mensaje secreto, que solo la célula conoce\n\nLa membrana, una barrera, que selecciona y filtra\nLo que entra y lo que sale, con una precisión quirúrgica\nLos orgánulos, como pequeñas fábricas, trabajando sin cesar\nProduciendo energía, y sintetizando lo que necesitamos para vivir\n\nLa célula, una máquina, tan compleja y tan fina\nUn universo en miniatura, donde la vida se despliega\nCon sus funciones y procesos, tan precisos y tan ordenados\nUn milagro de la naturaleza, que nos llena de asombro y admiración\n\nEn la célula, la vida, se renueva y se transforma\nUn ciclo de nacimiento, crecimiento y muerte\nDonde la energía y la materia, se intercambian y se renuevan\nUn baile de moléculas, que nunca cesan de moverse y de cambiar','http://172.20.10.3:7000/audio/cancion/23',2),(24,'Universo','rock','En el universo, infinito y vasto\nEstrellas y planetas, en constante movimiento rápido\nGalaxias lejanas, con secretos por descubrir\nLa aventura comienza, con cada nuevo descubrir\n\nLa gravedad nos atrae, con fuerza irresistible\nLa luz viaja lejos, a velocidades increíbles\nMundos desconocidos, con paisajes por explorar\nLa curiosidad nos lleva, a seguir adelante sin parar\n\nLa expansión del universo, en constante crecimiento\nNuevas teorías surgen, con cada nuevo avance científico\nLa búsqueda de respuestas, a preguntas sin fin\nLa exploración del universo, es el desafío que debemos vencer\n\nEn el universo, hay misterios por resolver\nLa energía oscura, y la materia invisible\nLa física cuántica, con leyes que nos sorprenden\nLa aventura del conocimiento, es el motor que nos impulsa y nos llena\n\nLa exploración espacial, con naves que nos llevan lejos\nA nuevos planetas y lunas, con paisajes por descubrir y conocer\nLa cooperación internacional, con científicos unidos\nLa búsqueda del conocimiento, es el objetivo que nos une y nos guía','http://172.20.10.3:7000/audio/cancion/24',3),(25,'divisiones','clásica','En el reino de las matemáticas, donde los números reinan\nLa división es una operación, que nos ayuda a distribuir y a explicar\nCon un divisor y un dividendo, y un cociente que nos da\nLa clave para entender el resultado, de esta operación tan clara y tan sabia\n\nLa división es una forma, de encontrar la proporción justa\nDe repartir lo que tenemos, en partes iguales y equilibradas\nCon un resto que nos muestra, si la división es exacta o no\nY nos da la oportunidad, de aprender y de mejorar cada día más\n\nEn la vida cotidiana, la división es fundamental\nPara repartir los recursos, y llegar a un resultado común\nEn la cocina, en el trabajo, en la escuela y en el hogar\nLa división es una herramienta, que nos ayuda a llegar más lejos y a ser más claros\n\nAsí que aprendamos a dividir, con precisión y con cuidado\nY descubramos el poder, de esta operación tan útil y tan bello\nQue nos muestra el camino, hacia la comprensión y el conocimiento\nY nos da la oportunidad, de crecer y de mejorar cada día más y más','http://172.20.10.3:7000/audio/cancion/25',2);
/*!40000 ALTER TABLE `canciones` ENABLE KEYS */;
UNLOCK TABLES;

--
-- Table structure for table `examenes`
--

DROP TABLE IF EXISTS `examenes`;
/*!40101 SET @saved_cs_client     = @@character_set_client */;
/*!50503 SET character_set_client = utf8mb4 */;
CREATE TABLE `examenes` (
  `id` int NOT NULL AUTO_INCREMENT,
  `id_cancion` int NOT NULL,
  `calificacion` int DEFAULT NULL,
  PRIMARY KEY (`id`),
  KEY `fk_examen_cancion` (`id_cancion`),
  CONSTRAINT `fk_examen_cancion` FOREIGN KEY (`id_cancion`) REFERENCES `canciones` (`id`) ON DELETE CASCADE ON UPDATE CASCADE,
  CONSTRAINT `chk_calificacion` CHECK ((`calificacion` between 0 and 100)),
  CONSTRAINT `examenes_chk_1` CHECK ((`calificacion` between 0 and 100))
) ENGINE=InnoDB AUTO_INCREMENT=14 DEFAULT CHARSET=utf8mb4 COLLATE=utf8mb4_0900_ai_ci;
/*!40101 SET character_set_client = @saved_cs_client */;

--
-- Dumping data for table `examenes`
--

LOCK TABLES `examenes` WRITE;
/*!40000 ALTER TABLE `examenes` DISABLE KEYS */;
INSERT INTO `examenes` VALUES (1,12,NULL),(2,14,NULL),(3,15,NULL),(4,16,NULL),(5,17,NULL),(6,18,NULL),(7,19,NULL),(8,20,NULL),(9,21,40),(10,22,NULL),(11,23,100),(12,24,60),(13,25,40);
/*!40000 ALTER TABLE `examenes` ENABLE KEYS */;
UNLOCK TABLES;

--
-- Table structure for table `preguntas`
--

DROP TABLE IF EXISTS `preguntas`;
/*!40101 SET @saved_cs_client     = @@character_set_client */;
/*!50503 SET character_set_client = utf8mb4 */;
CREATE TABLE `preguntas` (
  `id` int NOT NULL AUTO_INCREMENT,
  `pregunta` varchar(500) NOT NULL,
  `opcion1` varchar(200) NOT NULL,
  `opcion2` varchar(200) NOT NULL,
  `opcion3` varchar(200) NOT NULL,
  `opcion4` varchar(200) NOT NULL,
  `opcion_correcta` int NOT NULL,
  `id_examen` int NOT NULL,
  PRIMARY KEY (`id`),
  KEY `fk_pregunta_examen` (`id_examen`),
  CONSTRAINT `fk_pregunta_examen` FOREIGN KEY (`id_examen`) REFERENCES `examenes` (`id`) ON DELETE CASCADE ON UPDATE CASCADE,
  CONSTRAINT `preguntas_chk_1` CHECK ((`opcion_correcta` between 1 and 4))
) ENGINE=InnoDB AUTO_INCREMENT=66 DEFAULT CHARSET=utf8mb4 COLLATE=utf8mb4_0900_ai_ci;
/*!40101 SET character_set_client = @saved_cs_client */;

--
-- Dumping data for table `preguntas`
--

LOCK TABLES `preguntas` WRITE;
/*!40000 ALTER TABLE `preguntas` DISABLE KEYS */;
INSERT INTO `preguntas` VALUES (1,'¿Cuál es el componente de la célula que se encarga de producir la energía necesaria?','Núcleo','Mitocondria','Ribosoma','Citoplasma',2,1),(2,'¿Cuál es el proceso por el cual la célula se divide y reproduce?','Meiosis','Mitosis','Fotosíntesis','Respiración celular',2,1),(3,'¿Qué es el citoplasma en una célula?','El componente que contiene la información genética','El líquido que rodea el núcleo y contiene organelas','La capa externa de la célula','El componente que produce proteínas',2,1),(4,'¿Cuál es la función del ribosoma en la célula?','Producir energía','Sintetizar proteínas','Almacenar información genética','Regular el crecimiento celular',2,1),(5,'¿Qué es lo que la célula utiliza para envolverse y protegerse?','Membrana plasmática','Pared celular','Núcleo','Citoplasma',1,1),(6,'¿Cuál es el planeta más cercano al Sol en nuestro sistema solar?','Venus','Mercurio','La Tierra','Marte',2,2),(7,'¿Cuál es el planeta conocido por su atmósfera densa y misteriosa en la canción?','Júpiter','Saturno','Urano','Venus',4,2),(8,'¿Cuál es el planeta que se describe como el \'guerrero\' en la canción?','Júpiter','Saturno','Marte','Neptuno',3,2),(9,'¿Cuál es el planeta que se caracteriza por tener un eje que se desvía en la canción?','Saturno','Júpiter','Urano','La Tierra',3,2),(10,'¿Cuál es el planeta que se describe como el último en el sistema solar en la canción?','Urano','Neptuno','Saturno','Júpiter',2,2),(11,'¿Cuál es la función de la membrana plasmática en la célula?','Producir energía','Controlar la síntesis de proteínas','Regular lo que entra y sale de la célula','Almacenar información genética',3,3),(12,'¿Cuál es el papel del núcleo en la célula?','Producir energía','Sintetizar proteínas','Controlar la entrada y salida de la célula','Almacenar información genética y controlar la célula',4,3),(13,'¿Dónde se producen los ATP en la célula?','En el núcleo','En la membrana plasmática','En la mitocondria','En los ribosomas',3,3),(14,'¿Cuál es la función de los ribosomas en la célula?','Producir energía','Almacenar información genética','Regular la entrada y salida de la célula','Sintetizar proteínas',4,3),(15,'¿Qué es la célula en términos de la vida y su diversidad?','Un componente de un tejido','Un órgano del cuerpo','La unidad básica de la vida y su diversidad','Un sistema de órganos',3,3),(16,'¿Qué características tienen los números primos según la canción?','Sólo son divisibles por uno y por sí mismos','Sólo son divisibles por números pares','Sólo son divisibles por números impares','Son divisibles por cualquier número',1,4),(17,'¿Cuál es la secuencia de números primos mencionada en la canción?','2, 4, 6, 8','2, 3, 5, 7, 11','1, 3, 5, 7, 9','10, 12, 14, 16',2,4),(18,'¿En qué campo se utilizan los números primos según la canción?','Física','Biología','Criptografía','Química',3,4),(19,'¿Por qué son importantes los números primos según la canción?','Son la base de las matemáticas','Son la base de la física','Son fundamentales para la criptografía y la seguridad','No tienen importancia en las matemáticas',3,4),(20,'¿Qué papel juegan los números primos en la teoría de números según la canción?','Un papel secundario','Un papel importante','Un papel irrelevante','No se menciona',2,4),(21,'¿Cuál es el nombre de la operación matemática que se describe en la canción?','Multiplicación','División','Resta','Suma',2,5),(22,'¿Qué dos componentes se unen en armonía para encontrar el cociente en una división?','Dividendo y resto','Divisor y cociente','Dividendo y divisor','Cociente y resto',3,5),(23,'¿En qué áreas de la vida cotidiana se menciona que la división es fundamental?','Solo en la cocina y el comercio','Solo en la ciencia y el arte','En la cocina, el comercio, la ciencia y el arte','En la política y la economía',3,5),(24,'¿Qué se necesita para dominar la habilidad de dividir según la canción?','Solo práctica','Solo paciencia','Práctica y paciencia','Dedication y falta de pasión',3,5),(25,'¿Qué se convertirá la división en si se aprende a dividir con pasión y dedicación?','Un obstáculo en la vida','Una herramienta para la vida','Un problema matemático','Un tema de ciencias',2,5),(26,'¿Qué rama de las matemáticas se estudia en la canción y es clave para entender cómo evoluciona el mundo?','Ecuaciones algebraicas','Ecuaciones diferenciales','Geometría','Trigonometría',2,6),(27,'¿Qué concepto matemático es la clave para descubrir el secreto de cómo cambian las cosas con el paso del tiempo?','La integral','La derivada','La estadística','La probabilidad',2,6),(28,'¿En qué campos de la ciencia son útiles las ecuaciones diferenciales para entender los fenómenos?','Biología y astronomía','Física y química','Geología y meteorología','Psicología y sociología',2,6),(29,'¿Qué métodos se mencionan en la canción para resolver ecuaciones diferenciales?','Método de Newton y método de Gauss','Método de Euler y método de Runge-Kutta','Método de Lagrange y método de Hamilton','Método de Fourier y método de Laplace',2,6),(30,'¿Qué objetivo se puede lograr con la ayuda de la tecnología y las ecuaciones diferenciales?','Resolver ecuaciones algebraicas de manera exacta','Simular y modelar fenómenos del mundo real','Predecir el resultado de una elección','Crear un nuevo lenguaje de programación',2,6),(31,'¿Cuál es el centro del sistema solar mencionado en la canción?','La Tierra','El Sol','Marte','Júpiter',2,7),(32,'¿Qué caracteriza a Marte según la canción?','Ser verde y húmedo','Ser rojo y seco','Ser pequeño y frío','Ser el planeta más grande',2,7),(33,'¿Qué es notable de Júpiter según la canción?','Tener anillos de hielo y roca','Ser el planeta más pequeño','Tener tormentas enormes y un campo magnético impresionante','Ser el planeta más lejano',3,7),(34,'¿Qué se menciona sobre Urano y Neptuno en la canción?','Son los planetas más cálidos del sistema solar','Son los planetas más cercanos a la Tierra','Son los planetas más lejanos de nuestra vista','Son los planetas más pequeños',3,7),(35,'¿Cuál es el papel de la Luna según la canción?','Ser un planeta separado','Ser un cometa que pasa cerca de la Tierra','Ser un satélite fiel que acompaña a la Tierra','Ser el centro del sistema solar',3,7),(36,'¿Cuál es el planeta más grande del sistema solar según la canción?','Tierra','Saturno','Júpiter','Urano',3,8),(37,'¿Cuál es el planeta que tiene anillos que brillan como el oro según la canción?','Júpiter','Saturno','Urano','Neptuno',2,8),(38,'¿Cuál es el planeta que es descrito como rojo y árido en la canción?','Venus','Marte','Mercurio','Júpiter',2,8),(39,'¿Cuál es el planeta que es descrito como el primero y más caliente en la canción?','Mercurio','Venus','Tierra','Marte',1,8),(40,'¿Cuál es el planeta que es descrito como el último del sistema solar en la canción?','Urano','Neptuno','Saturno','Júpiter',2,8),(41,'¿Cuál es el planeta más cercano al Sol?','Venus','Mercurio','Tierra','Marte',2,9),(42,'¿Qué característica destaca a Saturno en nuestro sistema solar?','Su tamaño impresionante','Sus valles y montañas','Sus anillos','Su atmósfera densa',3,9),(43,'¿Cuál es el planeta conocido por ser el más grande en nuestro sistema solar?','Urano','Neptuno','Júpiter','Saturno',3,9),(44,'¿Qué es lo que se menciona como peculiar en el planeta Urano?','Su atmósfera densa','Su tamaño pequeño','Su eje muy inclinado','Su falta de satélites',3,9),(45,'¿Cuál es el planeta más lejano al Sol según la canción?','Marte','Júpiter','Saturno','Neptuno',4,9),(46,'¿Cuál es el planeta más cercano al sol en nuestro sistema solar?','Venus','Mercurio','Marte','La Tierra',2,10),(47,'¿Cuál es la característica principal de la atmósfera de Venus?','Delgada y ligera','Densa y espesa','Gaseosa y helada','Líquida y viscosa',2,10),(48,'¿Cuál es el planeta conocido por sus anillos en nuestro sistema solar?','Júpiter','Saturno','Urano','Neptuno',2,10),(49,'¿Cuáles son los dos planetas que se encuentran en el borde del sistema solar?','Marte y Júpiter','Urano y Neptuno','Saturno y Mercurio','La Tierra y Venus',2,10),(50,'¿Cuál es el propósito principal de la exploración del sistema solar?','Buscar recursos naturales','Establecer colonias humanas','Aprender y crecer sobre la astronomía y la ciencia','Estudiar la geología de la Luna',3,10),(51,'¿Cuál es el papel del núcleo en la célula según la canción?','Producir energía','Sintetizar proteínas','Guardar el ADN','Regular la temperatura celular',3,11),(52,'¿Qué estructura celular se encarga de seleccionar y filtrar lo que entra y sale de la célula?','Núcleo','Membrana','Orgánulos','Citoplasma',2,11),(53,'¿Qué es el ADN según la canción?','Un tipo de orgánulo','Un componente de la membrana','Un código que nos hace ser lo que somos','Un tipo de energía',3,11),(54,'¿Cuál es el papel de los orgánulos en la célula según la canción?','Almacenar información genética','Regular la temperatura celular','Producir energía y sintetizar lo necesario para vivir','Desechar desechos celulares',3,11),(55,'¿Qué proceso se describe en la canción como un ciclo de nacimiento, crecimiento y muerte en la célula?','División celular','Fotosíntesis','Respiración celular','Renovación de la vida',4,11),(56,'¿Qué característica se menciona que tiene el universo en la canción?','Finito y estático','Infinito y vasto','Pequeño y lento',' Oscuro y silencioso',2,12),(57,'¿Qué fuerza se menciona que nos atrae en la canción?','Electromagnetismo','Gravedad','Fuerza nuclear fuerte','Fuerza nuclear débil',2,12),(58,'¿Qué disciplina se menciona que nos sorprende con sus leyes en la canción?','Física clásica','Química','Biología','Física cuántica',4,12),(59,'¿Qué objetivo se menciona que nos une y nos guía en la canción?','La conquista del espacio','La búsqueda del poder','La búsqueda del conocimiento','La explotación de recursos',3,12),(60,'¿Qué tipo de energía se menciona como un misterio por resolver en la canción?','Energía solar','Energía eólica','Energía oscura','Energía nuclear',3,12),(61,'¿Cuál es el objetivo principal de la división en matemáticas?','Sumar números','Restar números','Distribuir cantidades en partes iguales','Multiplicar números',3,13),(62,'¿Qué nos indica el resto en una división?','Si la división es exacta o no','Si el divisor es mayor que el dividendo','Si el cociente es un número entero','Si la división es una operación básica',1,13),(63,'¿En qué áreas de la vida cotidiana se aplica la división?','Solo en la escuela','Solo en la cocina','En la cocina, en el trabajo, en la escuela y en el hogar','Solo en el hogar',3,13),(64,'¿Qué es el cociente en una división?','El número que se divide','El número que divide','El resultado de la división','El resto de la división',3,13),(65,'¿Por qué es importante aprender a dividir con precisión y cuidado?','Para realizar cálculos complejos','Para resolver problemas de suma y resta','Para distribuir cantidades de manera justa y equilibrada','Para aprender solo la multiplicación',3,13);
/*!40000 ALTER TABLE `preguntas` ENABLE KEYS */;
UNLOCK TABLES;

--
-- Table structure for table `usuarios`
--

DROP TABLE IF EXISTS `usuarios`;
/*!40101 SET @saved_cs_client     = @@character_set_client */;
/*!50503 SET character_set_client = utf8mb4 */;
CREATE TABLE `usuarios` (
  `id` int NOT NULL AUTO_INCREMENT,
  `apodo` varchar(50) NOT NULL,
  `contrasena` varchar(255) NOT NULL,
  `avatar` varchar(10) NOT NULL DEFAULT 0xF09F8EB5,
  `nacimiento` date NOT NULL,
  `nivel` int NOT NULL DEFAULT '1',
  `progreso` float NOT NULL DEFAULT '0',
  PRIMARY KEY (`id`),
  UNIQUE KEY `apodo` (`apodo`)
) ENGINE=InnoDB AUTO_INCREMENT=4 DEFAULT CHARSET=utf8mb4 COLLATE=utf8mb4_0900_ai_ci;
/*!40101 SET character_set_client = @saved_cs_client */;

--
-- Dumping data for table `usuarios`
--

LOCK TABLES `usuarios` WRITE;
/*!40000 ALTER TABLE `usuarios` DISABLE KEYS */;
INSERT INTO `usuarios` VALUES (1,'Tomas','$2a$12$JX9GWn5llmUBIOP/j7ukkubPNgxB7zdQz9C83UuZcPZ5cZXi8VpkG','?','2002-01-18',1,0.05),(2,'Are','$2a$12$8uE5QN6QeU19O1y.b34SheYG9biSWkY2tM.4UQwQ0WyS2T86iiiN.','?','2006-05-24',1,0.3),(3,'Rom','$2a$12$xXTTYjnF1pD8/y9C7iYRC.02nweSZumeSr8/uVTTA7D92.axog0PC','?','2006-12-13',1,0.15);
/*!40000 ALTER TABLE `usuarios` ENABLE KEYS */;
UNLOCK TABLES;
/*!40103 SET TIME_ZONE=@OLD_TIME_ZONE */;

/*!40101 SET SQL_MODE=@OLD_SQL_MODE */;
/*!40014 SET FOREIGN_KEY_CHECKS=@OLD_FOREIGN_KEY_CHECKS */;
/*!40014 SET UNIQUE_CHECKS=@OLD_UNIQUE_CHECKS */;
/*!40101 SET CHARACTER_SET_CLIENT=@OLD_CHARACTER_SET_CLIENT */;
/*!40101 SET CHARACTER_SET_RESULTS=@OLD_CHARACTER_SET_RESULTS */;
/*!40101 SET COLLATION_CONNECTION=@OLD_COLLATION_CONNECTION */;
/*!40111 SET SQL_NOTES=@OLD_SQL_NOTES */;

-- Dump completed on 2026-03-30 19:17:10
